{
    "timestamp": "2026-02-19T00:00:49.030613",
    "market": {
        "current_price_usd": 67229.58,
        "wma_200_usd": 58370.53,
        "wma_ratio": 1.15
    },
    "sentiment": {
        "value": 8,
        "classification": "Extreme Fear"
    },
    "onchain": {
        "mvrv_z_score": 0.43,
        "puell_multiple": 0.77,
        "nupl": 0.18760000000000002,
        "funding_rate": -0.000141
    }
}