{
    "timestamp": "2026-02-18T14:13:20.197760",
    "market": {
        "current_price_usd": 67725.35,
        "wma_200_usd": 58373.0,
        "wma_ratio": 1.16
    },
    "sentiment": {
        "value": 8,
        "classification": "Extreme Fear"
    },
    "onchain": {
        "mvrv_z_score": 0.47,
        "puell_multiple": 0.84,
        "nupl": 0.2039,
        "funding_rate": 0.0032150000000000004
    }
}