{
    "timestamp": "2026-02-23T23:21:05.583385",
    "market": {
        "current_price_usd": 66154.18,
        "wma_200_usd": 58511.1,
        "wma_ratio": 1.13
    },
    "sentiment": {
        "value": 5,
        "classification": "Extreme Fear"
    },
    "onchain": {
        "mvrv_z_score": 0.43,
        "puell_multiple": 0.77,
        "nupl": 0.19039999999999999,
        "funding_rate": -0.009317
    }
}