{
    "timestamp": "2026-02-22T09:25:34.183100",
    "market": {
        "current_price_usd": 67847.77,
        "wma_200_usd": 58373.62,
        "wma_ratio": 1.16
    },
    "sentiment": {
        "value": 9,
        "classification": "Extreme Fear"
    },
    "onchain": {
        "mvrv_z_score": 0.45,
        "puell_multiple": 0.65,
        "nupl": 0.1949,
        "funding_rate": 0.0007300000000000001
    }
}