{
    "timestamp": "2026-02-20T12:00:53.301763",
    "market": {
        "current_price_usd": 67245.77,
        "wma_200_usd": 58370.61,
        "wma_ratio": 1.15
    },
    "sentiment": {
        "value": 7,
        "classification": "Extreme Fear"
    },
    "onchain": {
        "mvrv_z_score": 0.39,
        "puell_multiple": 0.71,
        "nupl": 0.17559999999999998,
        "funding_rate": 0.005365
    }
}