{
    "timestamp": "2026-02-21T21:23:08.392690",
    "market": {
        "current_price_usd": 67979.0,
        "wma_200_usd": 58374.27,
        "wma_ratio": 1.16
    },
    "sentiment": {
        "value": 8,
        "classification": "Extreme Fear"
    },
    "onchain": {
        "mvrv_z_score": 0.45,
        "puell_multiple": 0.65,
        "nupl": 0.1815,
        "funding_rate": 0.0024850000000000002
    }
}